id,nombre_busqueda,texto_original,filtros,guardado,created_at,updated_at,usuario_id,ultima_revision
68eb8274-9db2-46da-81e7-40167b4be93a,Busqueda de ejemplo,apartamento 2 dormitorios pocitos,"{""tipo"": ""apartamento"", ""operacion"": ""venta""}",True,2025-09-03 12:53:13.077355+00:00,2025-09-03 12:53:13.077355+00:00,2,
c9eb2f34-fada-4963-9099-1f224c4d8236,a1,"Apartamento en Venta en Cordón, 1 a 2 dormitorios, 1 baño, sin cochera, 45 a 60 totales, 40 a 50 cubiertos, entre 5000000 y 6500000 de pesos, a estrenar. Con piscina, terraza, ascensor, aire acondicionado. Constituyente","{""tipo"": ""Apartamento"", ""ciudad"": ""Cordón"", ""moneda"": ""UYU"", ""piscina"": true, ""terraza"": true, ""ascensor"": true, ""banos_max"": 1, ""banos_min"": 1, ""operacion"": ""Venta"", ""precio_max"": 6500000, ""precio_min"": 5000000, ""cocheras_max"": 0, ""cocheras_min"": 0, ""departamento"": ""Montevideo"", ""antiguedad_max"": 0, ""dormitorios_max"": 2, ""dormitorios_min"": 1, ""aire_acondicionado"": true, ""superficie_total_max"": 60, ""superficie_total_min"": 45, ""superficie_cubierta_max"": 50, ""superficie_cubierta_min"": 40}",True,2025-09-03 12:54:26.506406+00:00,2025-09-03 12:54:49.426880+00:00,2,2025-09-03 09:54:49+00:00
abf990dd-a59b-441c-b7ba-a9bafd094e3d,v1,"venta en Venta en carrasco, 1 a 2 dormitorios, 1 baño, sin cochera,, entre 5000000 y 6500000 de dolares, a estrenar. Con piscina, terraza, ascensor, aire acondicionado. patio","{""tipo"": ""Apartamento"", ""ciudad"": ""Carrasco"", ""moneda"": ""USD"", ""piscina"": true, ""terraza"": true, ""ascensor"": true, ""banos_max"": 1, ""banos_min"": 1, ""operacion"": ""Venta"", ""precio_max"": 6500000, ""precio_min"": 5000000, ""departamento"": ""Montevideo"", ""antiguedad_max"": 0, ""dormitorios_max"": 2, ""dormitorios_min"": 1, ""aire_acondicionado"": true}",True,2025-09-03 12:55:34.756480+00:00,2025-09-03 12:55:52.583176+00:00,2,2025-09-03 09:55:52+00:00
9fa7f803-ab2d-433d-91f7-0bb7e1d097d0,v2,"venta en Venta en carrasco, 1 a 2 dormitorios, 1 baño, entre 5000000 y 6500000 de dolares, a estrenar. Con piscina y aire acondicionado. patio","{""tipo"": ""Apartamento"", ""ciudad"": ""Carrasco"", ""moneda"": ""USD"", ""piscina"": true, ""banos_max"": 1, ""banos_min"": 1, ""operacion"": ""Venta"", ""precio_max"": 6500000, ""precio_min"": 5000000, ""departamento"": ""Montevideo"", ""antiguedad_max"": 0, ""dormitorios_max"": 2, ""dormitorios_min"": 1, ""aire_acondicionado"": true}",True,2025-09-03 12:56:33.411063+00:00,2025-09-03 12:56:47.375652+00:00,2,2025-09-03 09:56:47+00:00
1d05f7ce-9328-4b0e-8ba4-796fca2103ed,v2,"venta en Venta en carrasco, entre 500000 y 6500000 de dolares, a estrenar. Con piscina y aire acondicionado. patio","{""ciudad"": ""Carrasco"", ""moneda"": ""USD"", ""piscina"": true, ""operacion"": ""Venta"", ""precio_max"": 6500000, ""precio_min"": 500000, ""departamento"": ""Montevideo"", ""antiguedad_max"": 0, ""antiguedad_min"": 0, ""aire_acondicionado"": true}",True,2025-09-03 12:57:34.307382+00:00,2025-09-03 13:00:03.131134+00:00,2,2025-09-03 10:00:02+00:00
524cce51-7495-4355-9071-9ea101b069d7,a2,"Apartamento en Venta en Cordón, 1 a 2 dormitorios, 40 a 50 cubiertos, entre 5000000 y 6500000 de pesos, a estrenar. Con piscina, terraza, ascensor, aire acondicionado. luminoso","{""tipo"": ""Apartamento"", ""ciudad"": ""Cordón"", ""moneda"": ""UYU"", ""piscina"": true, ""terraza"": true, ""ascensor"": true, ""operacion"": ""Venta"", ""precio_max"": 6500000, ""precio_min"": 5000000, ""departamento"": ""Montevideo"", ""antiguedad_max"": 0, ""dormitorios_max"": 2, ""dormitorios_min"": 1, ""aire_acondicionado"": true, ""superficie_cubierta_max"": 50, ""superficie_cubierta_min"": 40}",True,2025-09-03 13:03:54.869499+00:00,2025-09-03 13:04:21.013502+00:00,2,2025-09-03 10:04:20+00:00
ffda11b1-4f9c-43c1-9809-d85d21abd5fd,a3,"Apartamento en Venta en Cordón, 1 a 2 dormitorios, 1 baño, sin cochera, 45 a 60 totales, 40 a 50 cubiertos, entre 5000000 y 6500000 de pesos, a estrenar. Con piscina, terraza, ascensor, aire acondicionado. Constituyente","{""tipo"": ""Apartamento"", ""ciudad"": ""Cordón"", ""moneda"": ""UYU"", ""piscina"": true, ""terraza"": true, ""ascensor"": true, ""banos_max"": 1, ""banos_min"": 1, ""operacion"": ""Venta"", ""precio_max"": 6500000, ""precio_min"": 5000000, ""cocheras_max"": 0, ""cocheras_min"": 0, ""departamento"": ""Montevideo"", ""antiguedad_max"": 0, ""antiguedad_min"": 0, ""dormitorios_max"": 2, ""dormitorios_min"": 1, ""aire_acondicionado"": true, ""superficie_total_max"": 60, ""superficie_total_min"": 45, ""superficie_cubierta_max"": 50, ""superficie_cubierta_min"": 40}",True,2025-09-03 14:11:32.827411+00:00,2025-09-03 14:11:54.944974+00:00,2,2025-09-03 11:11:54+00:00
8db6aef5-8881-4311-9bbe-d57573d1ea2f,a4,"Apartamento en Venta en Cordón, 1 a 2 dormitorios, 1 baño, sin cochera, 45 a 60 totales, 40 a 50 cubiertos, entre 5000000 y 6500000 de pesos, a estrenar. Con piscina, terraza, ascensor, aire acondicionado. Constituyente","{""tipo"": ""Apartamento"", ""ciudad"": ""Cordón"", ""moneda"": ""UYU"", ""piscina"": true, ""terraza"": true, ""ascensor"": true, ""banos_max"": 1, ""banos_min"": 1, ""operacion"": ""Venta"", ""precio_max"": 6500000, ""precio_min"": 5000000, ""cocheras_max"": 0, ""cocheras_min"": 0, ""departamento"": ""Montevideo"", ""antiguedad_max"": 0, ""antiguedad_min"": 0, ""dormitorios_max"": 2, ""dormitorios_min"": 1, ""aire_acondicionado"": true, ""superficie_total_max"": 60, ""superficie_total_min"": 45, ""superficie_cubierta_max"": 50, ""superficie_cubierta_min"": 40}",True,2025-09-03 14:12:19.344325+00:00,2025-09-03 14:12:39.701358+00:00,2,2025-09-03 11:12:39+00:00
